{"cameraMode":{"drawMode":0,"name":"Shaded","section":"Shading Mode"},"sceneLighting":true,"audioPlay":false,"sceneViewState":{"showFog":true,"showMaterialUpdate":false,"showSkybox":true,"showFlares":true,"showImageEffects":true,"showParticleSystems":true},"in2DMode":false,"pivot":{"x":12.632430076599121,"y":-83.39234161376953,"z":-22.52079963684082},"rotation":{"x":-0.09639819711446762,"y":-0.8322188258171082,"z":0.5240567326545715,"w":-0.15393134951591493},"size":74.43843841552735,"orthographic":false}