{"cameraMode":{"drawMode":0,"name":"Shaded","section":"Shading Mode"},"sceneLighting":true,"audioPlay":false,"sceneViewState":{"showFog":true,"showMaterialUpdate":false,"showSkybox":true,"showFlares":true,"showImageEffects":true,"showParticleSystems":true},"in2DMode":false,"pivot":{"x":67.52971649169922,"y":-132.48550415039063,"z":-14.612348556518555},"rotation":{"x":0.33267953991889956,"y":0.656720757484436,"z":-0.40040725469589236,"w":0.5457198619842529},"size":96.31681823730469,"orthographic":false}