{"cameraMode":{"drawMode":0,"name":"Shaded","section":"Shading Mode"},"sceneLighting":false,"audioPlay":false,"sceneViewState":{"showFog":true,"showMaterialUpdate":false,"showSkybox":false,"showFlares":true,"showImageEffects":true,"showParticleSystems":true},"in2DMode":false,"pivot":{"x":3.2449536323547365,"y":-9.1097412109375,"z":11.740094184875489},"rotation":{"x":0.15631087124347688,"y":-0.6999224424362183,"z":0.16045594215393067,"w":0.6783540844917297},"size":19.85259437561035,"orthographic":false}