{"cameraMode":{"drawMode":0,"name":"Shaded","section":"Shading Mode"},"sceneLighting":true,"audioPlay":false,"sceneViewState":{"showFog":true,"showMaterialUpdate":false,"showSkybox":true,"showFlares":true,"showImageEffects":true,"showParticleSystems":true},"in2DMode":false,"pivot":{"x":-68.84075927734375,"y":-172.95472717285157,"z":-52.34425354003906},"rotation":{"x":0.20340709388256074,"y":-0.7866317629814148,"z":0.4786745309829712,"w":0.3330768644809723},"size":129.64276123046876,"orthographic":false}