{"cameraMode":{"drawMode":0,"name":"Shaded","section":"Shading Mode"},"sceneLighting":true,"audioPlay":false,"sceneViewState":{"showFog":true,"showMaterialUpdate":false,"showSkybox":true,"showFlares":true,"showImageEffects":true,"showParticleSystems":true},"in2DMode":false,"pivot":{"x":4.186639308929443,"y":-56.35133361816406,"z":14.367280960083008},"rotation":{"x":0.4714681804180145,"y":0.5273234248161316,"z":-0.47476157546043398,"w":0.5238710641860962},"size":53.0920295715332,"orthographic":false}