{"cameraMode":{"drawMode":0,"name":"Shaded","section":"Shading Mode"},"sceneLighting":true,"audioPlay":false,"sceneViewState":{"showFog":true,"showMaterialUpdate":false,"showSkybox":true,"showFlares":true,"showImageEffects":true,"showParticleSystems":true},"in2DMode":false,"pivot":{"x":-12.074777603149414,"y":16.153427124023439,"z":23.4117488861084},"rotation":{"x":-0.5020357966423035,"y":-0.3948090374469757,"z":0.27580365538597109,"w":-0.7184019088745117},"size":28.102909088134767,"orthographic":false}