{"cameraMode":{"drawMode":0,"name":"Shaded","section":"Shading Mode"},"sceneLighting":true,"audioPlay":false,"sceneViewState":{"showFog":true,"showMaterialUpdate":false,"showSkybox":true,"showFlares":true,"showImageEffects":true,"showParticleSystems":true},"in2DMode":false,"pivot":{"x":20.246761322021486,"y":-49.65250015258789,"z":-10.154850006103516},"rotation":{"x":-0.2641712725162506,"y":-0.7343742847442627,"z":0.4700024425983429,"w":-0.4124584496021271},"size":37.7818489074707,"orthographic":false}